{"cameraMode":{"drawMode":0,"name":"Shaded","section":"Shading Mode"},"sceneLighting":true,"audioPlay":false,"sceneViewState":{"m_AlwaysRefresh":false,"showFog":true,"showSkybox":true,"showFlares":true,"showImageEffects":true,"showParticleSystems":true,"showVisualEffectGraphs":true,"m_FxEnabled":true},"in2DMode":false,"pivot":{"x":0.496852308511734,"y":0.5571924448013306,"z":-0.6787991523742676},"rotation":{"x":0.07187620550394058,"y":0.04127916693687439,"z":-0.0029772974085062744,"w":0.9965551495552063},"size":1.8069840669631959,"orthographic":false}